feature,coefficient,odds_ratio,absolute_coefficient
categorical__Language_13,-1.1937290571538466,0.30308891818901906,1.1937290571538466
categorical__Country_616,-1.1504897289002678,0.3164817411661974,1.1504897289002678
categorical__Language_9,1.0029165334117538,2.72622136056172,1.0029165334117538
categorical__Country_348,-0.7951409259274771,0.451517599902247,0.7951409259274771
categorical__Country_792,0.7356210144892901,2.086777509265231,0.7356210144892901
categorical__Language_5,-0.7312389025215654,0.48131232151063635,0.7312389025215654
categorical__Language_7,-0.7013814499849278,0.4958997696555553,0.7013814499849278
categorical__Language_14,0.5890211354908014,1.8022234191500428,0.5890211354908014
numeric__stake_14d,0.5649736483602883,1.759401418998636,0.5649736483602883
numeric__active_days_7d,-0.5114753489268911,0.5996102915188719,0.5114753489268911
categorical__Country_891,0.48875103599372255,1.6302787883540104,0.48875103599372255
numeric__days_since_last_active_bet,0.4856409749175922,1.6252163980031893,0.4856409749175922
categorical__Country_438,0.4822165896215426,1.619660548980001,0.4822165896215426
categorical__Country_724,-0.47289489942029905,0.6231955659510767,0.47289489942029905
categorical__Country_442,-0.46088413788825233,0.6307257503821502,0.46088413788825233
categorical__Country_233,0.44363843232069455,1.5583669286321664,0.44363843232069455
categorical__Language_18,0.43694716145760143,1.547974282190657,0.43694716145760143
categorical__Country_191,0.4302634572177816,1.5376625784934308,0.4302634572177816
numeric__bets_14d,-0.428194376136129,0.6516847305270371,0.428194376136129
categorical__Country_40,-0.42280699714984427,0.6552050773567303,0.42280699714984427
categorical__Country_276,-0.41622319895574655,0.6595330469675691,0.41622319895574655
categorical__Country_784,0.3887306586544481,1.4751071904670883,0.3887306586544481
categorical__Country_620,-0.36128210809261124,0.6967824027829457,0.36128210809261124
categorical__Country_304,0.3538723191424392,1.4245732841288357,0.3538723191424392
categorical__Country_756,-0.352159193825141,0.7031681730346044,0.352159193825141
categorical__Language_4,0.3413761140667895,1.406882289584029,0.3413761140667895
numeric__stake_change_pct_15d,-0.3405957617336466,0.7113464035311291,0.3405957617336466
categorical__Country_32,0.33388773638274194,1.3963863713896216,0.33388773638274194
categorical__Country_124,0.33372663805983555,1.3961614340060655,0.33372663805983555
categorical__Country_380,-0.3269351681037066,0.721130493768507,0.3269351681037066
categorical__Country_36,0.32020206008670227,1.3774060550061906,0.32020206008670227
categorical__Country_703,-0.2964389472806966,0.7434610161952663,0.2964389472806966
categorical__Country_760,0.2849053973643574,1.3296362350791064,0.2849053973643574
numeric__stake_recent15,-0.27221934770833023,0.7616871684299519,0.27221934770833023
numeric__stake_change_15d,-0.2685365655515856,0.7644974680271595,0.2685365655515856
categorical__Country_710,0.2556544619590741,1.2913064553392513,0.2556544619590741
categorical__Language_19,0.2526707428485309,1.287459301857702,0.2526707428485309
categorical__Language_16,0.2510013130625923,1.2853117720248945,0.2510013130625923
categorical__Country_158,0.23629213538492327,1.2665442585212319,0.23629213538492327
categorical__Language_11,-0.22591489789921373,0.7977859920407271,0.22591489789921373
categorical__Country_196,0.22042946517018228,1.2466119920723981,0.22042946517018228
categorical__Language_10,-0.2112743903436216,0.8095519031779902,0.2112743903436216
numeric__bets_recent15,0.20019992503985085,1.221646971566643,0.20019992503985085
categorical__Country_705,-0.18992080561426045,0.8270246270573159,0.18992080561426045
categorical__Language_12,0.18872280040102982,1.2077061304237482,0.18872280040102982
categorical__Country_826,-0.18559416650127833,0.8306106162025053,0.18559416650127833
categorical__Language_6,-0.18489516538620024,0.8311914169159513,0.18489516538620024
categorical__Country_428,0.17771963558619708,1.1944903816887746,0.17771963558619708
numeric__stake_7d_share,-0.16238640705503413,0.8501126515405935,0.16238640705503413
numeric__active_days_recent15,-0.16116644136953243,0.8511503926798668,0.16116644136953243
categorical__Country_440,-0.15563198207611567,0.8558741094323943,0.15563198207611567
numeric__bets_30d,0.15112293464844523,1.1631396394556268,0.15112293464844523
numeric__mean_gap_between_active_days_30d,0.1509945639945062,1.162990336042781,0.1509945639945062
numeric__bets_7d,0.15023670591498725,1.1621092883169464,0.15023670591498725
categorical__Language_8,-0.14913597077676927,0.8614519746411714,0.14913597077676927
numeric__bets_7d_share,0.14219797205962947,1.1528048490979188,0.14219797205962947
numeric__avg_bets_per_active_day_7d,-0.14010689592674838,0.8692653095113444,0.14010689592674838
categorical__Country_250,0.13940472543724144,1.1495892738849252,0.13940472543724144
numeric__active_days_7d_share,0.1377957185548848,1.1477410641212122,0.1377957185548848
numeric__missingindicator_active_days_change_pct_15d,0.13725407779757304,1.147119569110752,0.13725407779757304
numeric__missingindicator_bets_change_pct_15d,0.13725407779757304,1.147119569110752,0.13725407779757304
categorical__Country_246,-0.13691165105893804,0.8720472671814232,0.13691165105893804
numeric__winnings_30d,-0.13648302063659049,0.872421133289332,0.13648302063659049
numeric__bets_change_15d,0.13457881099989008,1.1440548195537852,0.13457881099989008
numeric__stake_30d,-0.13453139128067526,0.8741254385288942,0.13453139128067526
numeric__winnings_14d,0.13368982746967817,1.1430382255961353,0.13368982746967817
numeric__active_days_30d,-0.1333258515178765,0.8751798669527083,0.1333258515178765
numeric__missingindicator_stake_change_pct_15d,-0.13327370453534879,0.8752255061319013,0.13327370453534879
categorical__Gender_1,-0.13067048293201514,0.8775068802500866,0.13067048293201514
numeric__max_gap_between_active_days_30d,-0.12670826425213322,0.8809906515769583,0.12670826425213322
numeric__net_loss_7d,0.11556365607203824,1.1225059665947499,0.11556365607203824
numeric__avg_bets_per_active_day_30d,-0.11477347778535407,0.8915680810105661,0.11477347778535407
categorical__Country_578,0.1073805385145986,1.113357849419354,0.1073805385145986
categorical__Country_470,0.10119469415280695,1.1064920483254803,0.10119469415280695
numeric__active_days_change_pct_15d,0.10114256171763285,1.1064343657040812,0.10114256171763285
categorical__Country_56,0.09916217182907366,1.1042453625291921,0.09916217182907366
numeric__active_days_14d,0.09700450124850048,1.1018653333795276,0.09700450124850048
numeric__std_daily_stake_30d,-0.0876383535188144,0.9160921183145678,0.0876383535188144
numeric__active_days_change_15d,-0.08354197057330215,0.9198524791251494,0.08354197057330215
numeric__winnings_7d,-0.08071302196384808,0.9224583787570365,0.08071302196384808
numeric__stake_7d,-0.07474937420215741,0.9279760319197522,0.07474937420215741
numeric__days_since_registration,-0.0722213717139427,0.930324925390777,0.0722213717139427
categorical__Country_352,-0.07179032069370897,0.9307260293409384,0.07179032069370897
categorical__Country_752,-0.07097663628033157,0.9314836547963491,0.07097663628033157
categorical__Language_1,0.06710756694989806,1.0694105052141702,0.06710756694989806
numeric__active_days_early15,-0.06518042040677001,0.9368984125350593,0.06518042040677001
numeric__avg_stake_per_bet_30d,-0.062064491505689046,0.9398222742830654,0.062064491505689046
categorical__Language_2,0.06200646094637757,1.0639692189538976,0.06200646094637757
numeric__days_since_first_casino_activity,-0.06061127815787346,0.941189029409495,0.06061127815787346
categorical__Country_208,-0.05999077882031288,0.9417732178042751,0.05999077882031288
numeric__bets_early15,0.05484977952250098,1.0563819125603129,0.05484977952250098
numeric__missingindicator_avg_bets_per_active_day_7d,0.054242911825081085,1.0557410229887,0.054242911825081085
categorical__Language_20,0.050879303395635615,1.052195889147928,0.050879303395635615
categorical__Country_203,-0.050425937667308005,0.9508243463337164,0.050425937667308005
numeric__stake_early15,0.0484413963449823,1.049633857637377,0.0484413963449823
numeric__bets_change_pct_15d,0.045289415464653066,1.0463306403603916,0.045289415464653066
numeric__max_daily_stake_30d,-0.043084123023778204,0.9578308110537093,0.043084123023778204
numeric__days_since_first_pay,0.03573007689854336,1.036376066890883,0.03573007689854336
categorical__Country_300,-0.03351723055705885,0.9670382484801305,0.03351723055705885
categorical__Country_234,-0.032427104694228805,0.9680930166957452,0.032427104694228805
categorical__Country_70,-0.03187840984425616,0.9686243501049228,0.03187840984425616
numeric__median_daily_stake_30d,0.03126720839060251,1.0317611622954257,0.03126720839060251
categorical__Gender_0,-0.0280783750534371,0.9723121587974795,0.0280783750534371
numeric__missingindicator_max_gap_between_active_days_30d,0.02464053579274853,1.0249466226723087,0.02464053579274853
numeric__missingindicator_mean_gap_between_active_days_30d,0.02464053579274853,1.0249466226723087,0.02464053579274853
categorical__Country_20,-0.01687011602021308,0.9832713875424738,0.01687011602021308
numeric__missingindicator_stake_7d_share,0.015715211389822042,1.0158393447324359,0.015715211389822042
numeric__avg_stake_per_active_day_30d,-0.009337020022554007,0.9907064345981752,0.009337020022554007
numeric__net_loss_30d,0.004604781500857611,1.0046153997992515,0.004604781500857611
categorical__Language_3,-0.0038281559503087464,0.9961791620974936,0.0038281559503087464
numeric__missingindicator_days_since_first_casino_activity,-0.0012099816506324658,0.9987907500820076,0.0012099816506324658
categorical__Country_376,-0.0006115799810758768,0.9993886069958416,0.0006115799810758768
